{
  "pixel_labels": {
    "LF": [
      654,
      867
    ],
    "CF": [
      1181,
      818
    ],
    "RF": [
      1704,
      872
    ]
  },
  "affine_transform": {
    "A": [
      [
        0.07617638901728761,
        0.0029583063696031614
      ],
      [
        0.00046223537025052503,
        -0.09706942775261147
      ]
    ],
    "b": [
      -112.38421003975205,
      103.8568919293703
    ]
  },
  "outfield_polygon_pixel": [
    [
      248,
      1348
    ],
    [
      290,
      1327
    ],
    [
      328,
      1315
    ],
    [
      367,
      1306
    ],
    [
      394,
      1299
    ],
    [
      438,
      1291
    ],
    [
      476,
      1283
    ],
    [
      506,
      1277
    ],
    [
      551,
      1271
    ],
    [
      586,
      1265
    ],
    [
      624,
      1262
    ],
    [
      662,
      1254
    ],
    [
      706,
      1247
    ],
    [
      743,
      1245
    ],
    [
      780,
      1242
    ],
    [
      834,
      1238
    ],
    [
      867,
      1235
    ],
    [
      906,
      1231
    ],
    [
      935,
      1231
    ],
    [
      975,
      1228
    ],
    [
      1010,
      1224
    ],
    [
      1046,
      1225
    ],
    [
      1098,
      1225
    ],
    [
      1126,
      1225
    ],
    [
      1163,
      1222
    ],
    [
      1189,
      1222
    ],
    [
      1226,
      1222
    ],
    [
      1253,
      1222
    ],
    [
      1286,
      1224
    ],
    [
      1329,
      1225
    ],
    [
      1367,
      1228
    ],
    [
      1412,
      1234
    ],
    [
      1446,
      1235
    ],
    [
      1486,
      1235
    ],
    [
      1515,
      1242
    ],
    [
      1542,
      1242
    ],
    [
      1577,
      1246
    ],
    [
      1606,
      1251
    ],
    [
      1638,
      1250
    ],
    [
      1674,
      1253
    ],
    [
      1709,
      1256
    ],
    [
      1747,
      1266
    ],
    [
      1782,
      1269
    ],
    [
      1814,
      1275
    ],
    [
      1849,
      1286
    ],
    [
      1886,
      1298
    ],
    [
      1915,
      1305
    ],
    [
      1941,
      1310
    ],
    [
      1967,
      1315
    ],
    [
      1999,
      1325
    ],
    [
      2024,
      1330
    ],
    [
      2059,
      1340
    ],
    [
      2086,
      1346
    ],
    [
      2114,
      1354
    ],
    [
      2094,
      1370
    ],
    [
      2071,
      1379
    ],
    [
      2043,
      1391
    ],
    [
      2000,
      1404
    ],
    [
      1979,
      1423
    ],
    [
      1955,
      1438
    ],
    [
      1930,
      1446
    ],
    [
      1899,
      1462
    ],
    [
      1882,
      1466
    ],
    [
      1865,
      1481
    ],
    [
      1839,
      1491
    ],
    [
      1818,
      1500
    ],
    [
      1791,
      1511
    ],
    [
      1758,
      1530
    ],
    [
      1722,
      1517
    ],
    [
      1693,
      1506
    ],
    [
      1661,
      1494
    ],
    [
      1626,
      1482
    ],
    [
      1594,
      1472
    ],
    [
      1560,
      1461
    ],
    [
      1518,
      1455
    ],
    [
      1482,
      1440
    ],
    [
      1450,
      1432
    ],
    [
      1418,
      1428
    ],
    [
      1380,
      1424
    ],
    [
      1343,
      1423
    ],
    [
      1308,
      1418
    ],
    [
      1239,
      1414
    ],
    [
      1198,
      1408
    ],
    [
      1159,
      1409
    ],
    [
      1119,
      1414
    ],
    [
      1085,
      1411
    ],
    [
      1022,
      1410
    ],
    [
      978,
      1415
    ],
    [
      939,
      1420
    ],
    [
      901,
      1430
    ],
    [
      862,
      1432
    ],
    [
      830,
      1439
    ],
    [
      787,
      1447
    ],
    [
      750,
      1462
    ],
    [
      714,
      1470
    ],
    [
      682,
      1478
    ],
    [
      646,
      1487
    ],
    [
      623,
      1498
    ],
    [
      599,
      1505
    ],
    [
      572,
      1515
    ],
    [
      544,
      1498
    ],
    [
      517,
      1485
    ],
    [
      494,
      1469
    ],
    [
      461,
      1460
    ],
    [
      436,
      1436
    ],
    [
      407,
      1425
    ],
    [
      374,
      1410
    ],
    [
      350,
      1397
    ],
    [
      320,
      1382
    ],
    [
      287,
      1367
    ],
    [
      262,
      1350
    ]
  ],